player_id,name,season,team_id,team_name,team_abbr,role,elims_10min,deaths_10m,hero_dmg_10m,healing_10m,ults_earned_10m,final_blows_10m,elims_total,deaths_total,hero_dmg_total,healing_total,ults_earned_total,final_blows_total,time_played_min
4142,Agilities,2018,4405,Los Angeles Valiant,VAL,offense,16.675689722045274,5.960108467221174,8757.923282016662,847.5405788330391,4.2950622922514485,8.760413397852073,2644.0,945.0,1388605.1817718742,134381.08574736118,680.9999999999999,1388.9999999999998,1585.5416142125925
5863,AimGod,2018,4402,Boston Uprising,BOS,support,12.020275321559204,4.867939553301125,6403.150537633638,6808.150705312814,3.9161077970690616,3.9161077970690616,442.00000000000006,179.0,235451.55680069327,250343.90072172883,144.0,144.0,367.7120433400075
3985,aKm,2018,4523,Dallas Fuel,DAL,offense,14.670074837360417,7.443493224870811,8137.656238346117,715.1685600977924,4.383897850230661,7.557657231387234,1285.0000000000002,652.0000000000001,712804.0164896846,62643.96125541628,384.0,662.0,875.9328185071548
4841,Anamo,2018,4403,New York Excelsior,NYE,support,0.5656987044732882,2.5622823673201878,144.6479276750098,11418.504000862504,3.9432527341226264,0.1830201690942991,34.0,154.0,8693.726010084152,686282.5262978077,237.0,10.999999999999998,601.0266548454762
5715,Architect,2018,4404,San Francisco Shock,SFS,offense,14.684572649177108,5.736983579786039,8265.038113298313,119.80816853531545,4.605376726892462,8.65810824655783,1116.0,436.00000000000006,628127.4065512419,9105.196268200874,350.0,658.0000000000001,759.9812583327293
4652,ArK,2018,4403,New York Excelsior,NYE,support,2.240385939787104,3.2101052271576416,608.0185834254252,10907.058758080248,3.940181242361897,0.42355555080552215,401.99999999999994,576.0,109098.82364296912,1957090.3132720587,707.0,75.99999999999999,1794.3337032288314
4491,babybay,2018,4404,San Francisco Shock,SFS,offense,16.82464642197654,7.310018790238082,9295.289901313103,690.0459490519377,4.881633863322257,8.79357135651089,2030.0,882.0,1121535.515600383,83258.40801894665,589.0,1061.0,1206.5632460176944
4655,Bdosin,2018,4410,London Spitfire,LDN,support,13.311629016720836,5.338658177082295,5937.148079390052,6915.991882632268,3.9972597047377016,4.4551668137709965,2470.9999999999995,991.0,1102095.9858289957,1283795.989245057,741.9999999999999,826.9999999999999,1856.2716831247012
4643,BigG00se,2018,4406,Los Angeles Gladiators,GLA,support,3.8815033254858426,4.727583825647925,1060.6769527888364,9200.666599221184,3.798639771346257,0.8940541367692111,890.0,1084.0,243205.3791590929,2109644.7913726564,870.9999999999999,205.00000000000003,2292.9260272850593
4656,Birdring,2018,4410,London Spitfire,LDN,offense,16.527128260434246,5.835504546276783,7500.115295496218,186.96176765730624,4.436382577139493,8.75034198197947,2835.0,1001.0000000000001,1286540.9239689112,32070.702360153202,761.0000000000001,1501.0,1715.361528830727
4639,Bischu,2018,4406,Los Angeles Gladiators,GLA,tank,17.122945199866518,4.620477276154457,6325.482465445582,94.105307397987,3.3801138576359877,5.826248886188347,3465.0000000000005,935.0,1280024.9306959065,19043.154453158382,684.0,1179.0,2023.6004726727804
4625,Boink,2018,4525,Houston Outlaws,HOU,support,6.368895870606185,5.598853044940953,2030.47176561587,8423.738368127253,3.657703421909849,1.347574944914155,397.0,349.0,126567.8238939047,525086.9538597465,228.0,84.0,623.3419545014699
4079,Boombox,2018,4524,Philadelphia Fusion,PHI,support,11.741801583786284,5.416823308770157,5358.464236743048,8408.12418753481,4.146323684274532,3.3620080316075573,2559.9999999999995,1181.0,1168276.2945853472,1833176.771596253,904.0,733.0,2180.24464281102
4620,carpe,2018,4524,Philadelphia Fusion,PHI,offense,17.547002500972198,5.077773487852263,7814.087248246359,66.16944041937008,5.523441749157689,9.52023264575849,3701.000000000001,1071.0000000000002,1648141.1514107587,13956.406456232073,1165.0,2008.0000000000002,2109.1921539276836
5831,Choihyobin,2018,4404,San Francisco Shock,SFS,tank,15.604630308281312,4.326036125068086,6376.303116699055,148.50697245433255,3.630780319253572,5.098542575973102,606.0,168.0,247621.3541995287,5767.212906002998,141.0,198.00000000000003,388.34627160529294
4663,Closer,2018,4410,London Spitfire,LDN,support,3.4280695186806405,3.812013304772872,814.8514244975776,9834.627298851796,3.702315080175092,0.6993261818108507,250.0,278.0,59424.9489440918,717213.2336625458,270.0,51.00000000000001,729.273425284028
4489,Danteh,2018,4404,San Francisco Shock,SFS,offense,17.794714479728032,5.674265880522103,8610.088694581795,395.2483024063778,5.850317089225654,8.416602016096629,2628.0000000000005,838.0,1271574.9451972544,58371.96994125844,864.0000000000001,1243.0,1476.843027177453
4615,Diya,2018,4408,Shanghai Dragons,SHD,offense,12.84593605747862,7.427447981926464,7383.6112983071735,102.74532016195593,4.689685585858006,6.762019621770936,2027.0,1172.0,1165082.8740468025,16212.501995682716,740.0,1067.0,1577.9309432417153
4083,eqo,2018,4524,Philadelphia Fusion,PHI,offense,17.145735837997798,5.7789017642840035,8473.450182824088,629.9013852032895,4.226237066121491,9.299382149422534,2065.0,696.0,1020526.3158641455,75864.13162636757,508.99999999999994,1120.0,1204.3810889840126
4636,Fate,2018,4405,Los Angeles Valiant,VAL,tank,17.079959064471876,5.817702044800253,5911.416762941166,0.0,3.4304088587779913,5.571764203256217,4027.999999999999,1372.0,1394100.9244370381,0.0,808.9999999999999,1313.9999999999995,2358.319469499588
4657,Fissure,2018,4406,Los Angeles Gladiators,GLA,tank,16.400654076987035,5.406622787349843,6056.9207276632005,4.36922860729417,3.598765637974765,5.7625446636330615,2902.9999999999995,957.0,1072106.0751521252,773.3759024143218,637.0,1020.0,1770.0513567159574
4631,Fleta,2018,4409,Seoul Dynasty,SEO,offense,15.541210601005034,5.785187134997204,8017.035781887362,333.435140053627,4.261132459648477,8.864399642334424,2998.0,1116.0,1546538.033050269,64321.79419897496,821.9999999999999,1709.9999999999998,1929.0646507332722
4659,Fury,2018,4410,London Spitfire,LDN,tank,18.824570592248367,3.5901612370438944,6675.436285759447,151.32957862141626,3.6971527970882487,6.187678555898501,3167.0,604.0,1123059.1748905927,25459.320474028587,622.0,1041.0,1682.3756932357946
4606,Gamsu,2018,4402,Boston Uprising,BOS,tank,16.641001237990583,6.443328687340496,5562.911671904126,13.173491318046391,3.3635571414781076,5.326795196393407,3577.0000000000005,1385.0,1195753.4745549858,2831.655245423317,723.0000000000001,1145.0000000000002,2149.510085867842
5210,Geguri,2018,4408,Shanghai Dragons,SHD,tank,13.393477999722062,4.9638766337523235,6284.999444936301,206.555585855058,2.966340765039115,4.614307856727512,1341.0,497.00000000000006,629275.2529129834,20681.038983106617,297.00000000000006,462.00000000000006,1001.2335855017105
4666,Gesture,2018,4410,London Spitfire,LDN,tank,17.813129986963595,5.624719141226477,5770.253298125359,35.35189026907096,3.5781236028061465,6.062298588193854,3908.000000000001,1234.0,1265928.5541382711,7755.806378364563,785.0,1330.0000000000002,2193.8873195558785
3660,HarryHook,2018,4523,Dallas Fuel,DAL,support,5.0465729910262604,5.471203728135267,1829.6973914960627,9186.33208957821,3.772680779699243,1.5733113208269573,926.9999999999999,1005.0,336095.3036710024,1687428.2532287836,692.9999999999999,289.0,1836.8901067088048
4671,HOTBA,2018,4524,Philadelphia Fusion,PHI,tank,16.65452112592137,3.4763585581617527,6545.8412871257415,360.00973522550146,3.0690864258248114,5.483628353250966,1145.0,238.99999999999997,450027.2458806187,24750.70545208454,211.0,377.0,687.5010042876005
4645,Hydration,2018,4406,Los Angeles Gladiators,GLA,offense,16.395356899559243,6.64481425004163,8198.285412384328,1091.25760398076,4.294178378979473,8.135301240910653,2497.0000000000005,1012.0,1248592.43992877,166197.67741763592,654.0000000000001,1239.0000000000002,1522.9921588758627
4653,JJonak,2018,4403,New York Excelsior,NYE,support,13.54746054065604,4.944763521875336,6814.281580285937,6256.23282747868,3.8247447964385124,5.083772938152955,3411.0000000000005,1245.0000000000002,1715710.0698393884,1575203.715152979,963.0,1280.0,2517.815047154824
4635,KariV,2018,4405,Los Angeles Valiant,VAL,support,10.7335094934718,4.563996473694732,4988.6309125324915,6453.146735576921,3.91006417262187,4.103988923974512,2380.0,1011.9999999999999,1106156.525882661,1430891.661298126,866.9999999999999,910.0,2217.35491215388
3981,Kellex,2018,4402,Boston Uprising,BOS,support,2.3678637316077267,5.0671411715067745,713.9345965338123,10054.840552710933,3.7632898717817094,0.5407276293174182,543.0,1162.0,163719.9306459427,2305782.358689606,863.0,124.0,2293.2062886546055
5865,KSF,2018,4405,Los Angeles Valiant,VAL,offense,16.320686589867677,5.499361785716283,7682.929643726092,1512.1575145939335,4.43496918202926,7.982944527652668,92.00000000000001,31.000000000000004,43308.81077402831,8524.058750629425,25.0,45.00000000000001,56.37017750044664
4654,Libero,2018,4403,New York Excelsior,NYE,offense,16.189045320910616,5.590529289577374,7851.6346402920535,301.62537214292485,3.8898808838403913,8.869680082959734,3446.0,1189.9999999999998,1671298.8588337898,64203.97323009371,828.0,1888.0,2128.5998844842115
4629,LiNkzr,2018,4525,Houston Outlaws,HOU,offense,16.5052482782679,6.990869615893671,7656.738795270159,176.38720438035205,4.757189331187115,9.519375709991024,3302.9999999999995,1399.0,1532252.5183748007,35298.28368806839,951.9999999999999,1905.0,2001.1816510200501
4095,Logix,2018,4407,Florida Mayhem,FLA,offense,16.099602332368335,6.757371802094289,7954.4398154859755,138.6529079375345,5.635516871843684,8.469676695634687,2454.0,1030.0,1212464.4388238788,21134.325497880574,859.0,1291.0,1524.2612515131632
4093,Mano,2018,4403,New York Excelsior,NYE,tank,16.466364929985144,4.97693300500841,5141.842071951879,726.083993298164,3.204659300785903,5.486765166497076,2713.0000000000005,820.0000000000001,847170.4350365102,119629.67432057858,528.0,903.9999999999999,1647.6010409921407
4649,MekO,2018,4403,New York Excelsior,NYE,tank,18.170750412413202,4.114731678089634,6941.595297575304,269.40913028844517,4.158420914053906,6.57324413826095,4575.0,1036.0,1747742.8155477792,67831.36321258545,1046.9999999999998,1655.0,2517.7826430737973
5716,moth,2018,4404,San Francisco Shock,SFS,support,2.150549836498714,4.846528979355798,731.1470819712014,9510.205049908167,3.76346221387275,0.3740086672171677,276.0,622.0000000000001,93834.88408368826,1220532.7908364534,483.0,48.0,1283.3927180657784
4623,Muma,2018,4525,Houston Outlaws,HOU,tank,15.252818578194402,4.690557657092925,5574.92162152299,88.54167163014898,3.519133413197179,4.812074694841446,3138.0,965.0,1146942.380429864,18215.896566987038,724.0,989.9999999999999,2057.3246734122436
4642,Munchkin,2018,4409,Seoul Dynasty,SEO,offense,17.256751291875055,5.141121566813594,8079.34406183819,488.96030797724706,5.821002427803803,8.25023966145421,2259.0,672.9999999999999,1057628.8622926176,64007.489998459816,761.9999999999999,1080.0,1309.052881270647
4024,neptuNo,2018,4524,Philadelphia Fusion,PHI,support,4.859770561103415,4.6178815286503045,1490.3579984733653,9799.129590746084,3.9845720618639775,1.358976564145661,1104.9999999999998,1050.0,338873.1150178313,2228096.5863779187,906.0,308.99999999999994,2273.7698953201375
4626,Nevix,2018,4404,San Francisco Shock,SFS,tank,16.87784122031204,4.906613329188964,6537.087131971962,218.31734319205003,3.5947757377044147,5.8266033284118945,2972.0,864.0,1151108.2906052768,38443.254412531845,633.0,1025.9999999999998,1760.8887067993483
4607,NotE,2018,4402,Boston Uprising,BOS,tank,19.148925061580897,4.746139151529171,7520.232072302271,66.64481054672693,3.795884018376685,6.687741531700196,3728.0,924.0,1464073.052423775,12974.715443253519,738.9999999999999,1302.0,1946.8455738435189
5717,OGE,2018,4523,Dallas Fuel,DAL,tank,13.156131429590658,5.6767307530233735,6201.355468917143,11.296454507248646,3.9412410750773716,5.139288788240096,1174.9999999999998,506.99999999999994,553855.2662668526,1008.9085927009583,351.99999999999994,459.0,893.1196881761153
4668,Poko,2018,4524,Philadelphia Fusion,PHI,tank,17.63353917168334,4.11265373103911,7698.424774075324,36.40782915164637,4.180074284006964,5.994300072960134,2877.0,671.0,1256036.4575355053,5940.1191927194595,681.9999999999999,978.0,1631.5499526153008
4662,Profit,2018,4410,London Spitfire,LDN,offense,18.884242382510713,4.951723757554982,7819.985969438681,756.1518108642181,5.03517977594074,9.286800268148529,4072.999999999999,1067.9999999999998,1686633.8722183404,163088.68861491972,1085.9999999999998,2002.9999999999995,2156.8246782153847
4658,Rascal,2018,4523,Dallas Fuel,DAL,offense,15.052308610974038,6.990311604125483,8680.643470718844,565.5729524243673,4.238028638041234,7.355658900508349,618.0,287.0,356399.6595839858,23220.62971413135,174.0,302.0,410.56824967662493
4136,Rawkus,2018,4525,Houston Outlaws,HOU,support,10.535331831719132,5.597626330846772,4988.130699827594,7436.755833316198,3.8659191883607305,3.3838493622092107,2251.0,1196.0000000000002,1065773.948524952,1588952.0755667686,826.0000000000001,723.0,2136.619933719436
4105,ryujehong,2018,4409,Seoul Dynasty,SEO,support,11.234768795132368,5.63768208283291,5029.937094425373,6534.226606210269,3.861634621994459,3.557169342993582,2214.0,1111.0000000000002,991233.6364129484,1287679.165450871,761.0,701.0,1970.6680576811234
4669,SADO,2018,4524,Philadelphia Fusion,PHI,tank,14.13248253878219,5.66475374994182,6217.944626916647,0.0,3.5870240008282117,4.54748397919205,721.0,288.99999999999994,317222.2618145346,0.0,183.0,232.0,510.172220642368
4099,SAEBYEOLBE,2018,4403,New York Excelsior,NYE,offense,18.725080135301706,4.385758999626026,7449.551192965866,143.34169408559336,5.206622983513251,9.001359914740474,3992.0,934.9999999999999,1588169.8848516343,30559.01703250408,1110.0000000000002,1919.0,2131.9000886271397
5442,sayaplayer,2018,4407,Florida Mayhem,FLA,offense,13.512095488771731,6.37903615150719,7709.552064585149,180.29734046967087,4.705104679125871,8.35457689819145,896.0000000000001,423.00000000000006,511227.7851802111,11955.689418792726,312.00000000000006,554.0000000000001,663.1095826288064
4644,Shaz,2018,4406,Los Angeles Gladiators,GLA,support,11.567806824745146,5.216854058218399,5430.927229445207,8286.093473852412,4.348832354551625,3.3630388619451383,2652.0,1196.0,1245077.7602612674,1899644.4378418922,997.0,771.0,2292.5694041907786
4139,sinatraa,2018,4404,San Francisco Shock,SFS,offense,16.83954485823061,5.503426671544641,8297.00732676163,951.4160455093181,5.773894221641919,8.17282379641779,1432.0,468.00000000000006,705560.3100885154,80906.44899487494,490.99999999999994,695.0,850.3792780955632
3987,SoOn,2018,4405,Los Angeles Valiant,VAL,offense,17.04596717400255,6.189226410434996,7908.896727258963,97.03786498085576,5.533075339855045,8.427585736314118,3662.9999999999995,1329.9999999999998,1699539.1588066218,20852.42191284895,1188.9999999999998,1810.9999999999998,2148.8953736732406
4637,SPACE,2018,4405,Los Angeles Valiant,VAL,tank,17.027316727337535,3.5615877395290547,6702.565068729095,257.56422906822223,4.203974569261463,6.277501677891393,2094.0,438.0,824273.8112332821,31674.955267786976,516.9999999999999,772.0,1229.788600007693
4094,Spree,2018,4525,Houston Outlaws,HOU,tank,20.41727429475258,4.69693164527172,8191.722176481358,397.5800733337393,4.3614365277523115,6.326479358937419,426.0,97.99999999999999,170917.7041363418,8295.383056282997,91.0,132.0,208.64685160716374
4610,STRIKER,2018,4402,Boston Uprising,BOS,offense,19.109183438511614,5.048782883731414,8203.647995276737,62.406792828324306,5.674954568357253,9.550212896286395,4364.0,1153.0,1873482.4523813426,14251.956122517586,1296.0,2180.9999999999995,2283.7187230120103
4490,super,2018,4404,San Francisco Shock,SFS,tank,14.72585839067458,6.303946163172089,5935.927424783358,188.46211904505037,3.5465941171570394,4.725462020888111,1474.0,631.0,594162.7844032161,18864.310392141342,355.00000000000006,473.0,1000.9603249569734
4144,Surefour,2018,4406,Los Angeles Gladiators,GLA,offense,15.89110269580813,5.647339100981914,7731.362204323417,323.83340440570583,4.57519389572031,8.50285454865886,2994.0,1064.0,1456645.1984386444,61012.582408547394,862.0,1602.0,1884.0731554706892
4104,tobi,2018,4409,Seoul Dynasty,SEO,support,4.928641533995518,4.740327167083962,1403.8373395523402,9538.855661185495,3.8507041233983426,0.8571550493905247,759.0,729.9999999999999,216187.8751722574,1468962.876870155,593.0,131.99999999999997,1539.9780949066082
3983,uNKOE,2018,4523,Dallas Fuel,DAL,support,9.923942080863494,5.804376061788689,4600.493522200849,7707.624688432323,3.908964763735569,3.092242822298046,1931.9999999999995,1129.9999999999998,895627.3033909797,1500525.7766231894,760.9999999999999,602.0,1946.80700900654
5809,Void,2018,4406,Los Angeles Gladiators,GLA,tank,16.914070455012506,4.464004066819282,6849.143796667245,52.33695878008771,3.1534707627989422,5.119270718829451,412.99999999999994,109.0,167239.24590164423,1277.9398095607755,77.0,125.0,244.17540479004384
8675,Adora,2019,7693,Hangzhou Spark,HZS,offense,16.00212911748312,3.87623495883797,5390.964429568359,5678.864359807187,4.410253076682631,4.134036808831945,1738.0000000000002,421.0,585515.5966935157,616784.5656589268,479.0,449.0,1086.1054721156756
4142,Agilities,2019,7695,Toronto Defiant,TOR,offense,15.930212098218984,5.525910195080698,6591.302371267218,6535.7520192603915,4.740086788499256,4.815525835531075,2534.0,879.0,1048470.6735736729,1039634.344771683,754.0,766.0,1590.6881743798654
5863,AimGod,2019,7697,Washington Justice,WAS,support,13.41433600775239,4.687159445851456,6721.795661858614,9486.87128343833,4.724139007554426,3.651731718168294,1450.9999999999998,507.0,727082.2424397467,1026174.5511901379,510.99999999999994,395.0,1081.6785856276751
3985,aKm,2019,4523,Dallas Fuel,DAL,offense,17.296143282197256,5.17853349989675,9600.623635624297,158.64605623795728,4.575825159939393,6.050874518256078,2181.0,653.0000000000001,1210614.4015844762,20004.86715504527,577.0,763.0,1260.974752819538
8812,ameng,2019,7692,Chengdu Hunters,CDH,tank,16.470543859782193,6.202664771835841,7051.64085194439,0.7247976242102706,4.511643841673398,5.04600645560473,2435.0,917.0,1042512.355430603,107.15385174751283,667.0,746.0000000000001,1478.3968402802943
4841,Anamo,2019,4403,New York Excelsior,NYE,support,14.165020656349093,2.7452069713745075,3948.127250279418,6563.244540433752,3.5675324830700244,1.8981498653422835,2291.0,444.0,638556.0423687696,1061515.8005713224,577.0,307.00000000000006,1617.3643904805183
6981,Apply,2019,4405,Los Angeles Valiant,VAL,offense,14.122561421462986,5.38695641849619,4799.85438443113,7970.0465193219725,4.7075204738209955,3.1059928899437494,291.0,110.99999999999999,98902.57044637202,164225.41689908504,97.0,63.99999999999999,206.0532727142175
5715,Architect,2019,4404,San Francisco Shock,SFS,offense,18.181756069653364,4.555888302510843,7825.862117239412,3806.894747216659,4.639482583290858,8.087746665466497,870.0,218.00000000000003,374468.78155857325,182160.5359455049,222.0,387.00000000000006,478.5016346424818
4652,ArK,2019,7697,Washington Justice,WAS,support,7.8701304600453605,2.6414690739462587,2482.55593554341,6825.268612978261,3.5189433896064886,1.3207345369731294,870.0000000000001,292.0,274433.0192348957,754496.2213062048,389.0,146.0,1105.4454616943995
5878,axxiom,2019,4402,Boston Uprising,BOS,tank,13.589014561645524,6.323051673581998,7227.732158597083,0.0,3.771644857926104,3.383387299021946,245.00000000000009,114.00000000000001,130310.72789150478,0.0,68.00000000000001,61.0,180.29269075294334
4491,babybay,2019,7698,Atlanta Reign,ATL,offense,18.285137251126827,4.898535091325363,9724.894013271038,153.51270516537375,4.52015137863426,6.320030660624373,1788.0,478.99999999999994,950942.3012210132,15011.137902110813,442.0,618.0,977.8433573911587
8896,Baconjack,2019,7692,Chengdu Hunters,CDH,offense,15.605829880134678,6.119487227049896,7305.171594182321,123.93822165247087,4.231318305692493,6.50622062058093,686.0,269.0,321120.23212480545,5448.0678507089615,186.0,286.0,439.5793144414822
8676,Bazzi,2019,7693,Hangzhou Spark,HZS,offense,15.814584933446074,5.846426962456959,5369.9370117951585,7506.352638185798,4.589445165528713,3.8001775255970234,541.0,200.0,183699.7895048857,256784.2782057524,157.0,130.0,342.0892816831668
4655,Bdosin,2019,4409,Seoul Dynasty,SEO,support,15.048463858934262,4.107217429189468,6983.868463028862,8836.736647070427,4.746420141679221,3.882816476932428,2213.0000000000005,604.0,1027035.1215620638,1299514.580576718,698.0000000000001,571.0,1470.5819947769244
8731,BEBE,2019,7693,Hangzhou Spark,HZS,support,14.154976295923483,3.952660972139521,7197.340358065029,9429.701828506215,4.8033992608450475,3.5338359684691083,2163.0,604.0000000000001,1099814.4305602314,1440938.128658891,734.0000000000001,540.0000000000001,1528.0845087836185
8708,BenBest,2019,7694,Paris Eternal,PAR,tank,13.411352311930862,6.584489237484128,6648.912608389578,0.0,4.201146507351837,4.026098736212177,996.0,488.99999999999994,493784.430080533,0.0,312.0,299.0,742.6544145842394
4643,BigG00se,2019,4406,Los Angeles Gladiators,GLA,support,12.350082454969796,4.683844786484093,3870.8595802266727,6429.321594622694,3.655210365142973,2.206065016838502,1908.9999999999998,724.0,598333.7330415248,993805.099592328,565.0,340.99999999999994,1545.7386677056552
4656,Birdring,2019,4406,Los Angeles Gladiators,GLA,offense,16.70324065018517,4.503120295107335,6016.535373079495,4688.162058339121,4.144538493830269,5.945786611873203,2003.0,540.0000000000001,721483.9685701728,562189.6253257394,497.0,713.0,1199.1684978673854
4639,Bischu,2019,4406,Los Angeles Gladiators,GLA,tank,16.794393318658397,5.927432935997081,7229.2138132935015,1836.4431273533573,2.9637164679985406,8.891149403995621,34.0,12.0,14635.43606418371,3717.8518536090846,6.0,18.0,20.24485157330831
8184,blas√©,2019,4525,Houston Outlaws,HOU,offense,14.115151749753602,5.688757778148027,5288.563477135054,5127.842249402414,3.993432612474774,4.545983036842353,2248.0,906.0,842264.4621448816,816667.7610715629,636.0000000000001,724.0000000000001,1592.614829691251
4625,Boink,2019,4525,Houston Outlaws,HOU,support,8.675603803964783,5.084554333463675,2736.000684240098,5754.139119630791,3.13304131252592,1.772292437382247,1307.0,766.0,412184.900913477,866874.5137854815,472.00000000000006,267.0,1506.523383885622
4079,Boombox,2019,4524,Philadelphia Fusion,PHI,support,14.716397278218366,4.686373943443366,6282.962864831086,9251.731157941926,4.7652469971899585,3.542714664117775,2239.0,713.0,955910.1720621587,1407588.1257494686,725.0000000000001,538.9999999999999,1521.4321533123652
8704,bqb,2019,4407,Florida Mayhem,FLA,offense,16.4393325316142,4.809016362982576,8641.233567754081,319.5256653853782,4.536164370756614,4.972727558318153,2410.0,705.0,1266801.6087781193,46842.34302687645,665.0,729.0,1465.9962594985961
10031,byrem,2019,4407,Florida Mayhem,FLA,support,11.418218536293377,5.3606659794804585,5266.262932554636,7719.478525844625,3.752466185636321,4.127712804199954,213.0,100.0,98238.96793258192,144002.22948777676,70.0,77.0,186.54398610691229
4620,carpe,2019,4524,Philadelphia Fusion,PHI,offense,17.983018470847522,4.844879976308035,8782.867899617413,137.70446278139926,4.146629259115727,7.03150722225237,2935.9999999999995,791.0,1433936.1434277296,22482.33817818761,677.0,1148.0,1632.651384282112
8721,Chara,2019,7699,Guangzhou Charge,GZC,support,10.361039046217979,3.8666689738842392,3932.9909170364344,5914.06703757716,3.253992551965962,1.9129119395448435,1522.0,568.0,577742.458939433,868755.536104083,478.0,280.99999999999994,1468.9646407186985
5831,Choihyobin,2019,4404,San Francisco Shock,SFS,tank,19.391550773406475,3.472552823247714,6035.142896099432,302.3382088894532,2.8821651716909154,5.957548120254965,3613.0000000000005,647.0000000000001,1124457.323625222,56331.12903046608,537.0,1110.0000000000002,1863.1826006174088
4663,Closer,2019,4523,Dallas Fuel,DAL,support,10.935585624981194,3.527818618434601,3511.1978068603566,6354.660011782827,3.3778374202386754,1.9367137332256497,1677.0,541.0000000000001,538451.156072855,974503.3512805701,518.0000000000001,297.0,1533.5255536466836
5306,ColourHex,2019,4402,Boston Uprising,BOS,offense,14.899416787649455,5.548090240231773,8649.81290776422,168.8703742460548,3.9668163634089586,5.752565310510586,2186.0,814.0,1269075.9165852966,24776.180394381285,582.0,844.0,1467.1715216477712
8784,Corey,2019,7697,Washington Justice,WAS,offense,15.025158026532353,5.201794718660279,9003.292088908313,127.43610685113435,4.608074958294386,7.036928523427591,2227.0,771.0,1334450.622522086,18888.334449216727,683.0000000000001,1043.0000000000002,1482.1807504902283
4489,Danteh,2019,4525,Houston Outlaws,HOU,offense,17.244251914347743,4.2004197383525534,7516.714771197396,406.85232429423223,4.38549570383552,5.310875531250355,2143.0,522.0,934126.90992257,50560.87879562379,545.0,660.0,1242.732946980993
8895,DDing,2019,4408,Shanghai Dragons,SHD,offense,18.250891097894197,4.853757374588104,9069.245474327241,378.77192544794076,4.383012884785326,6.9403005185787965,2869.0000000000005,763.0,1425665.471690148,59542.11486339569,689.0,1091.0,1571.9780391057332
8180,Decay,2019,4523,Dallas Fuel,DAL,offense,18.779392734031532,4.4868485804410785,9050.854425477879,149.99439823692563,4.412563007917219,6.574273168361514,2528.0,604.0,1218386.5746704638,20191.592141091824,594.0,885.0,1346.15641506811
8893,diem,2019,4408,Shanghai Dragons,SHD,offense,19.069304819378203,4.770968165276059,8722.343210233583,28.67292059595308,4.516030935070469,7.917621978099354,2617.9999999999995,654.9999999999999,1197479.1289290485,3936.46789073944,620.0,1087.0,1372.886964048942
4615,Diya,2019,4408,Shanghai Dragons,SHD,offense,14.446388949124787,4.815462983041596,10081.81698378452,0.0,3.6115972372811966,7.223194474562393,11.999999999999998,4.0,8374.53596407175,0.0,2.9999999999999996,5.999999999999999,8.306574080387751
9251,Dogman,2019,7698,Atlanta Reign,ATL,support,15.029996930624144,5.03854597959195,6305.9154183458295,8955.631267248487,4.810169957854071,3.7539308573163814,2106.0,706.0,883583.538462162,1254861.1643689869,674.0,525.9999999999999,1401.1978909383217
8722,Eileen,2019,7699,Guangzhou Charge,GZC,offense,15.9593606452406,4.451906242428647,6577.180112852861,3561.7367648513714,4.580481151957272,4.805487243632366,992.9999999999999,276.99999999999994,409235.68288499117,221613.17649978396,285.0,298.99999999999994,622.205376564463
8787,Elsa,2019,7692,Chengdu Hunters,CDH,tank,18.002733739888324,4.027014147903145,6932.30270191314,111.10528750691863,3.0829764050340476,5.736844745127597,2727.0,610.0,1050084.3783647716,16829.89502644539,467.00000000000006,869.0000000000001,1514.7699451655149
4083,eqo,2019,4524,Philadelphia Fusion,PHI,offense,16.805893791593427,5.2429957929101425,5976.7284112258385,6042.078255236316,4.424546919134263,4.929154495447212,2731.0,852.0,971233.3954664471,981852.9094420673,719.0,801.0000000000001,1625.02514526546
8692,Erster,2019,7698,Atlanta Reign,ATL,offense,17.675339625531567,4.849436941488884,6217.774500579279,5999.097838488333,4.671475952810392,5.554925146607188,2781.0,763.0000000000001,978291.2946766617,943885.1780102254,735.0,874.0,1573.3785369435946
4636,Fate,2019,4407,Florida Mayhem,FLA,tank,14.142931700705827,6.142393738135005,7046.426151116538,1.5543048481108492,4.09492915875667,4.1159647537502835,2016.9999999999998,876.0,1004928.9530326128,221.66782283782956,584.0,587.0000000000001,1426.1540978093942
4657,Fissure,2019,7696,Vancouver Titans,VAN,tank,16.327553800338503,5.41303517107647,7921.796427337576,0.0,4.440104012876451,5.218448939436467,923.0,306.0,447820.793723613,0.0,251.0,295.00000000000006,565.3020723660787
8831,Fits,2019,4409,Seoul Dynasty,SEO,offense,18.882519175250525,4.573258672354231,9527.150427536983,263.7589635618566,4.554243043778953,6.7410403299358626,1986.0,481.0,1002033.7103053629,27741.28265260439,478.99999999999994,709.0,1051.7664415260156
4631,Fleta,2019,4408,Shanghai Dragons,SHD,offense,17.98168626134792,4.723203554960928,8020.643777829197,2659.1999707626874,4.136730386273983,6.294113828229529,1717.0,451.0,765859.506521076,253916.4727622867,394.99999999999994,601.0,954.8603924264511
9591,frd,2019,7698,Atlanta Reign,ATL,tank,18.61339828349243,3.905222630218267,5983.492228925785,477.41981516121945,2.9625826849931682,6.224416146248272,1244.0,261.0,399898.19265754515,31907.674300789833,198.0,415.99999999999994,668.335776763161
10011,FunnyAstro,2019,4524,Philadelphia Fusion,PHI,support,11.75345181693832,5.289053317622244,3766.5526630515196,5403.956711061915,3.526035545081496,2.93836295423458,19.999999999999996,8.999999999999998,6409.270606994628,9195.522805094719,5.999999999999999,4.999999999999999,17.01627769569556
4659,Fury,2019,4524,Philadelphia Fusion,PHI,tank,18.857755101481416,3.903886143815451,6670.623657865853,231.3683014680954,3.61936562824924,6.213134049224928,2850.0000000000005,590.0,1008141.0710134954,34967.0284525156,547.0,938.9999999999999,1511.3145677536727
8203,Fusions,2019,4402,Boston Uprising,BOS,tank,13.343378474928594,6.436293725460965,6461.494975949428,0.0,3.721183847285548,4.4757393241181465,2069.0,998.0,1001907.6600696443,0.0,577.0,694.0000000000001,1550.5818139592807
4606,Gamsu,2019,4523,Dallas Fuel,DAL,tank,16.836371928771907,6.0799734851596074,6835.069224987902,0.0,3.9932818702325106,5.440303138917075,2711.0,978.9999999999999,1100585.847552836,0.0,643.0,876.0,1610.20439051191
10144,GARGOYLE,2019,4407,Florida Mayhem,FLA,tank,18.228383137008787,4.3724484672241495,5583.241365177074,1047.5821262204963,2.8066392188263123,5.938257715621988,617.0,148.0,188983.29579874873,35458.886672496796,95.0,201.00000000000003,338.4831201771895
8712,Gator,2019,7698,Atlanta Reign,ATL,tank,15.55835409320373,6.569082839352686,6106.710767952495,0.0,4.148894424854328,4.840376828996716,45.00000000000001,19.0,17662.66424530745,0.0,12.0,14.0,28.923367941379546
5210,Geguri,2019,4408,Shanghai Dragons,SHD,tank,17.479051468070914,4.913030682917229,6301.212640521816,199.66111857340874,3.212366215753573,5.810603596142493,370.00000000000006,104.00000000000001,133385.30876529217,4226.465835809709,68.0,123.00000000000003,211.6819672256708
4666,Gesture,2019,4409,Seoul Dynasty,SEO,tank,15.807938301337682,5.750145828322497,6492.812226434051,0.0,3.884160645828891,5.161235611152529,2389.0,869.0,981236.6491611601,0.0,587.0000000000001,780.0,1511.266019932429
8713,GodsB,2019,7693,Hangzhou Spark,HZS,offense,17.820442995395943,3.996136427195588,9683.685509696614,198.61691820577857,4.516307325069439,6.60311057418689,2912.0,653.0000000000001,1582390.0792770388,32455.56050232053,738.0,1079.0,1634.0783451636632
8694,Greyy,2019,7694,Paris Eternal,PAR,support,12.744086524141096,5.744873649662029,5223.303345244357,8047.980689743486,4.549070255336455,3.5455988754828245,1524.0000000000002,687.0,624628.0800960661,962416.768587947,544.0000000000001,424.0,1195.84875472486
8741,Guxue,2019,7693,Hangzhou Spark,HZS,tank,15.923926129859552,4.911310262081953,7307.05652023814,0.0,4.195937338753489,5.069517735510363,2315.0000000000005,714.0000000000001,1062290.5247363448,0.0,610.0000000000001,737.0000000000001,1453.7872011721133
8750,Haksal,2019,7696,Vancouver Titans,VAN,offense,19.34110448419125,4.282243975036978,6198.426230094529,7396.956136394299,4.975923802625876,5.462045886526758,3541.0,784.0,1134817.6780030725,1354246.4289141893,911.0,1000.0,1830.8158165911834
8723,Happy,2019,7699,Guangzhou Charge,GZC,offense,16.23305756502421,4.1884856222721805,8359.179904562436,1143.8028479215832,4.274110541296484,6.2149420391806975,2275.0,587.0,1171506.6127686205,160299.52882248163,599.0,871.0,1401.4611793786287
3660,HarryHook,2019,4523,Dallas Fuel,DAL,support,9.353437365799888,5.050856177531939,3508.8664399304384,10731.194371858037,4.583184309241945,1.4030156048699833,200.0,107.99999999999999,75028.38374179602,229459.90767192838,98.0,30.000000000000004,213.82513420283794
9424,Highly,2019,4410,London Spitfire,LDN,support,14.024955008729567,3.8092470394080302,5831.977545602512,8493.063196360305,4.5018374102094905,3.2898042613069354,324.0,88.0,134728.46961712837,196204.0144804716,104.0,76.0,231.01678386727968
4671,HOTBA,2019,4403,New York Excelsior,NYE,tank,17.03087459091947,3.6652966206708837,6212.065779615477,274.46473536651206,2.866449921293896,5.867159792062916,2537.0,546.0000000000001,925378.8347010316,40885.57107901574,427.00000000000006,874.0,1489.6475142578283
4645,Hydration,2019,4525,Houston Outlaws,HOU,offense,16.137061692868876,5.230779840076919,5519.00465731931,7443.216483509991,4.5954624505938915,4.0130881769011175,1524.0000000000002,494.00000000000006,521220.23561894894,702944.6956803799,433.99999999999994,379.0,944.4098492066065
8742,HyP,2019,7694,Paris Eternal,PAR,support,13.770586825927811,5.618399424978547,7008.936627697189,10568.360507306817,4.819705389074734,3.77314079030422,500.00000000000006,204.0,254489.3952703774,383729.48955988884,175.00000000000003,137.0,363.0927325904369
8717,iDK,2019,7693,Hangzhou Spark,HZS,support,12.339800269932319,3.583696294609337,4030.633117045286,5718.238428604396,3.3047622344536185,2.2072173455800312,2035.0000000000002,591.0000000000001,664705.9282777309,943014.8744436502,545.0,364.0,1649.1352821638186
9279,ILLICIT,2019,4409,Seoul Dynasty,SEO,offense,15.774015833464713,5.670245336585689,6305.68227713429,3422.4769979731996,4.293519102599863,4.130178701957476,676.0,243.00000000000003,270231.83343708515,146671.2392745018,184.0,177.0,428.55288541416326
8754,ivy,2019,4524,Philadelphia Fusion,PHI,offense,17.173368758040848,5.9499005117001555,9899.923990138248,727.9151972220599,4.652072750315482,6.479999174800938,1879.0,651.0,1083186.2658722699,79643.81798648833,508.99999999999994,709.0,1094.135941802462
5872,IZaYaKI,2019,4408,Shanghai Dragons,SHD,support,13.368850120213107,5.036574747078299,7692.792507444123,10720.448760166095,5.089731208788887,3.5614829346094563,1006.0000000000001,379.0000000000001,578879.1999984981,806708.9806340934,383.00000000000006,268.00000000000006,752.495533238848
8179,Jecse,2019,4525,Houston Outlaws,HOU,support,11.928448625466705,3.9068405131115727,3081.4799143328,6036.9817275653495,3.272115723866555,2.035496737923676,1090.0,357.00000000000006,281580.0454932451,551648.440602541,299.0,186.0,913.7818623562654
8811,JinMu,2019,7692,Chengdu Hunters,CDH,offense,15.789164731575733,6.173595698726544,8333.914349087212,3331.0300521022154,4.727062815342919,6.657925905216597,2444.9999999999995,955.9999999999999,1290531.8887938855,515820.0966199636,731.9999999999999,1031.0,1548.5303000926972
8748,JJANU,2019,7696,Vancouver Titans,VAN,tank,20.056907588900238,3.381133708724306,6203.063755566482,215.48021781754488,2.321375382109225,5.551115044174234,3577.0,603.0,1106270.1942118257,38429.291041851044,413.99999999999994,990.0,1783.4254778037468
4653,JJonak,2019,4403,New York Excelsior,NYE,support,15.75246604583466,3.9487477554155532,7116.885007058558,8675.063019081728,4.859997237434527,4.367922517144281,2593.0000000000005,650.0000000000001,1171504.3707827928,1427994.7243198156,800.0000000000001,719.0000000000001,1646.091470665733
10095,Karayan,2019,4407,Florida Mayhem,FLA,tank,18.129555992609404,6.0431853308698,3955.7030766073603,0.0,2.41727413234792,1.20863706617396,15.0,4.999999999999999,3272.8626213073726,0.0,1.9999999999999996,0.9999999999999998,8.273782328764598
4635,KariV,2019,7695,Toronto Defiant,TOR,support,14.662307920945803,4.516450383092512,6574.990143816334,5889.933289499626,4.63851660966258,4.02818547681224,2042.0000000000002,629.0,915690.0773099364,820283.1260948181,646.0,560.9999999999999,1392.6866159200667
3981,Kellex,2019,7695,Toronto Defiant,TOR,support,9.524875165208133,4.505945311051883,3343.4583309818254,6393.278812396877,3.3621284244002507,1.691462547533322,1374.0000000000002,650.0000000000001,482306.76697468763,922255.140972376,485.00000000000006,244.00000000000003,1442.5385909716288
8790,Krillin,2019,4410,London Spitfire,LDN,support,14.98763673110644,4.176882367685401,6330.615664582055,10410.303998788157,5.159678218905496,1.7198927396351653,61.0,17.0,25765.740287661556,42370.1585059166,21.000000000000004,7.000000000000001,40.70021251142025
8706,Kris,2019,4407,Florida Mayhem,FLA,support,10.203947254292927,4.54304955001525,3050.12196833987,6137.84765082973,3.0812481175182294,1.6767722313936413,1424.0,634.0,425656.22642636293,856560.195477724,429.99999999999994,234.0,1395.538377955556
8744,Kruise,2019,7694,Paris Eternal,PAR,support,10.73410057999197,4.748518683946028,3778.743692713302,7134.622339137903,3.756290899240888,2.2357340343680754,1665.9999999999998,736.9999999999999,586484.8149266242,1107338.3119922876,583.0,346.99999999999994,1552.06296753486
8718,Krystal,2019,7693,Hangzhou Spark,HZS,offense,14.883271732372982,5.385115413137802,5655.519835701009,9068.702549918366,5.003493061025674,3.604211103281206,351.0,126.99999999999997,133377.08926010132,213871.96661186215,117.99999999999997,84.99999999999999,235.83524262110393
5865,KSF,2019,4405,Los Angeles Valiant,VAL,offense,16.368965401252066,5.173247513770286,8735.4735822407,194.40796890550988,4.175994980995291,6.505514569274381,2101.0,664.0,1121221.1368522942,24952.776956766844,536.0,835.0,1283.5264468451342
8772,Kyo,2019,7692,Chengdu Hunters,CDH,support,12.439330008432766,4.841849977159043,5188.9850258484785,7953.5513696164535,4.380411925644558,3.145577703281848,1914.0000000000002,745.0,798412.5618293881,1223787.5601922274,674.0000000000001,484.0,1538.6680783470472
8786,lateyoung,2019,7692,Chengdu Hunters,CDH,tank,17.70274883499123,5.472358112865074,8874.897900978533,154.50306651558446,4.186683616469063,5.175663998312148,536.9999999999999,166.0,269213.5677486062,4686.738059282303,127.00000000000001,157.0,303.3427209556103
8745,LhCloudy,2019,4406,Los Angeles Gladiators,GLA,tank,14.8893212342334,6.393432734765787,5925.746430236635,0.0,3.5778633188785465,4.008190522180089,1211.0,520.0,481961.4550673664,0.0,291.00000000000006,326.0,813.3345912476381
4654,Libero,2019,4403,New York Excelsior,NYE,offense,16.7714207587305,4.4993412133444295,5050.28724858828,5891.024842138367,4.132821844841653,4.701558795966651,2654.0000000000005,712.0000000000001,799184.6695978941,932227.5170334877,654.0000000000001,744.0000000000001,1582.4538887788851
4629,LiNkzr,2019,4525,Houston Outlaws,HOU,offense,16.4065955278,5.812302442954404,7407.178794460042,1104.6692060502344,4.054052956357406,7.424964392444641,1465.0,519.0000000000001,661411.8642406166,98639.62234708668,362.0,663.0,892.9335751086473
4095,Logix,2019,7695,Toronto Defiant,TOR,offense,16.01310564895009,6.080678701860169,7601.828625923485,402.70119358413774,4.145028568470598,8.368265223138755,819.0,311.0,388800.13540905714,20596.396774977446,212.0,428.00000000000006,511.4560647726059
8891,Luffy,2019,4408,Shanghai Dragons,SHD,support,13.818266849529744,5.0774966106252215,5558.513252281081,8025.212769403138,4.423340605575347,3.2271696249127175,2218.0,815.0,892209.0250398518,1288144.3176892996,710.0,518.0,1605.1217016955218
3313,Mangachu,2019,7695,Toronto Defiant,TOR,offense,15.702392420148852,6.726649052521059,7046.254498345761,1322.146000209048,4.002975203034004,5.818757769358708,761.0,326.0,341489.3431373238,64076.42091965675,193.99999999999997,282.0,484.63952475388845
4093,Mano,2019,4403,New York Excelsior,NYE,tank,16.42121653380923,5.220793426645448,6858.0373769050175,5.5200777892269635,4.194846811409308,5.597176208566399,2705.0,860.0,1129696.5158661604,909.2998919486998,691.0,922.0,1647.259199360013
8218,Marve1,2019,4409,Seoul Dynasty,SEO,tank,16.43432362672303,5.59503653887369,7097.185112884094,0.0,4.26204977726115,5.121475452511341,1873.9999999999995,637.9999999999999,809289.4604994952,0.0,485.99999999999994,584.0,1140.296395863096
8681,Masaa,2019,7698,Atlanta Reign,ATL,support,13.218888665398183,4.617815194423795,4583.451469370438,6510.413397829587,3.6439902214500695,2.544510413253928,2103.9999999999995,734.9999999999999,729530.457185745,1036237.624490261,579.9999999999999,404.99999999999994,1591.661790379882
9285,Mcgravy,2019,4405,Los Angeles Valiant,VAL,tank,13.752480327721967,4.070734177005702,6158.299727909129,278.42202644158306,3.520634963896823,3.3005952786532724,125.0,37.0,55974.44589227438,2530.652833223343,31.999999999999993,30.0,90.89269500573477
4649,MekO,2019,4525,Houston Outlaws,HOU,tank,18.831603275463927,3.8745927067792305,6099.580686348268,220.81224177045095,3.132155780929318,5.707483867471202,2435.0,500.99999999999994,788699.6531309484,28551.886997938156,405.0,738.0,1293.0391344706218
8242,Michelle,2019,4409,Seoul Dynasty,SEO,tank,18.928175804192488,3.239774067887675,6474.671283294778,235.7952959181401,2.6340179921691806,5.737667099221239,2781.0,476.00000000000006,951283.4741768688,34643.94692504406,386.99999999999994,843.0,1469.2382555872202
5716,moth,2019,4404,San Francisco Shock,SFS,support,13.092685229926502,3.7172957280261913,3890.4974771238044,6671.223897496175,3.4040981597808906,2.474774227774343,2550.0,724.0,757733.6804820895,1299322.533144772,663.0,482.0,1947.6524144728978
4623,Muma,2019,4525,Houston Outlaws,HOU,tank,14.567677770093919,5.986446244581995,6642.683779999652,0.0,3.8131489280670787,4.675882105229061,2212.0,908.9999999999999,1008645.080791384,0.0,578.9999999999999,709.9999999999999,1518.4300716350476
4642,Munchkin,2019,4402,Boston Uprising,BOS,offense,17.101913229190956,4.542380957812203,6426.880845950589,6829.696609249702,5.0761862588411315,3.776924299732985,1698.0000000000002,451.0000000000001,638106.5983773769,678101.0222126247,504.00000000000006,375.00000000000006,992.8713689774274
8236,Nenne,2019,4403,New York Excelsior,NYE,offense,19.365666642520445,3.75941438794352,9397.008782474759,110.60100633700493,4.3480771390805835,6.869961879747322,2894.9999999999995,561.9999999999999,1404771.6986686585,16533.895747363564,649.9999999999999,1026.9999999999998,1494.9136807113887
4024,neptuNo,2019,7699,Guangzhou Charge,GZC,support,11.778555735735289,4.543246858109936,3894.556795368362,5689.216211046938,3.3886095350543717,2.39085228306614,1877.0,724.0000000000001,620626.4391760826,906618.694831729,540.0,381.0,1593.5739848862092
5619,nero,2019,7699,Guangzhou Charge,GZC,offense,18.31191879977491,4.341671036517061,6946.6690643872225,935.5898179018685,3.58868749881853,7.065228513298982,1143.0,271.0,433599.7132475377,58397.98513495923,224.0,441.00000000000006,624.1836328009764
4626,Nevix,2019,7695,Toronto Defiant,TOR,tank,17.443678437473007,3.774363170681294,6249.398156621223,97.98645495353301,2.856274831866925,4.488431878648026,171.0,37.0,61262.71408939361,960.5590848922728,27.999999999999996,44.0,98.02978231509526
8743,NiCOgdh,2019,7694,Paris Eternal,PAR,offense,15.213664160025866,4.975537964285189,5025.403255479667,6437.084344879764,4.454594886827979,3.721021981837214,1431.0,468.0,472690.33830040693,605473.3166600466,419.00000000000006,350.0,940.6018069992463
8714,NoSmite,2019,7694,Paris Eternal,PAR,tank,13.312891496376045,6.144411459865866,6016.341504280257,0.0,3.7378503047517353,4.249884593073891,260.0,119.99999999999999,117498.80118370058,0.0,73.0,83.0,195.29942091902097
4607,NotE,2019,4523,Dallas Fuel,DAL,tank,16.891795727275532,4.5952812792362225,6368.215241431795,214.55317615358314,3.6087596749680584,5.479968395321865,2654.0,722.0,1000559.2965743244,33710.100376844406,567.0,860.9999999999999,1571.1769446243843
5717,OGE,2019,4406,Los Angeles Gladiators,GLA,tank,15.400808561202199,5.955504487094048,7316.465414375885,0.122541257007259,4.1357670049264215,5.136228737546719,1955.0000000000002,756.0000000000001,928762.2677901984,15.555557131767275,525.0,652.0000000000001,1269.4138702074686
4668,Poko,2019,4524,Philadelphia Fusion,PHI,tank,16.525459725762182,3.8140415996445896,5996.660647834629,214.63533657157953,3.6353546749439545,4.843031821196523,2682.0000000000005,619.0,973228.2262877077,34834.24862229824,590.0,786.0000000000001,1622.9503109186887
8702,Pokpo,2019,7698,Atlanta Reign,ATL,tank,15.722024581819937,6.069815448456248,7423.960201643784,1.701721161174384,4.322923828254033,4.519132669653557,2484.0,959.0,1172947.9905665219,268.8632969856262,683.0,714.0000000000001,1579.9491897960504
4662,Profit,2019,4409,Seoul Dynasty,SEO,offense,18.6100001167881,4.38408656597412,8591.855488998663,938.7857988819973,4.61808804673255,6.359334359434986,2704.0,637.0,1248381.359293729,136403.9110288322,671.0,923.9999999999999,1452.982258479794
10022,RaiN,2019,4405,Los Angeles Valiant,VAL,support,4.362566563208068,4.894586875794418,2628.9738451011517,5675.010895517018,3.298525938035368,0.6384243751036196,41.0,46.0,24707.45743072033,53334.53217160702,31.0,5.999999999999999,93.98137405117353
8781,Rapel,2019,4525,Houston Outlaws,HOU,support,16.262928785766466,4.931582571609739,5336.528022301765,10575.563041600273,5.533913267378868,3.6139841746147705,431.99999999999994,131.0,141756.76079034805,280923.7680466175,147.0,96.0,265.6348101198673
4658,Rascal,2019,4404,San Francisco Shock,SFS,offense,16.79781160526914,4.475500854271008,5858.14084334196,8276.767041329105,5.15093733490246,4.763295528627019,2860.0,761.9999999999999,997408.662846446,1409204.6210814714,877.0000000000001,811.0000000000001,1702.6027361224094
4136,Rawkus,2019,4525,Houston Outlaws,HOU,support,11.50589091779256,4.7913290659415715,5264.797418679851,8522.386976237885,4.35575369631052,2.98201599208951,1717.0,714.9999999999999,785654.6904937624,1271777.9564181566,650.0,445.0,1492.279052763184
8716,Ria,2019,7693,Hangzhou Spark,HZS,tank,17.2863660515122,4.163638606705606,6161.024705061074,312.360358371219,2.9505602873012418,5.35144446112238,2736.0000000000005,659.0,975136.3324608356,49438.84318757058,467.00000000000006,847.0,1582.75023903052
8724,Rio,2019,7699,Guangzhou Charge,GZC,tank,15.196562177181958,4.940225160073287,6766.2748858336645,0.014095752096275515,3.919961268319021,4.852965748278514,2264.0,736.0,1008046.8307844698,2.100000143051147,584.0,723.0,1489.810638487339
8222,rOar,2019,7697,Washington Justice,WAS,tank,15.3419957230817,5.686102599331732,7043.652963356903,0.0,4.1663148078052785,4.841048180767453,2342.0,868.0,1075233.9876723886,0.0,636.0,738.9999999999999,1526.5289094537497
8687,RoKy,2019,7695,Toronto Defiant,TOR,support,12.15386135809905,4.07095356169337,4263.718163892984,6333.016609307489,3.2154633204679524,1.8437289681582294,824.0000000000002,276.0,289068.93566846853,429361.9560331703,218.00000000000003,125.00000000000001,677.9738354106744
4105,ryujehong,2019,7696,Vancouver Titans,VAN,support,14.152542735828968,4.251865977654415,6302.228814735572,9351.219339484047,4.672305675604293,3.6144251452787928,2087.0,627.0,929356.0727469325,1378974.4447897673,689.0,533.0,1474.6466687689224
4669,SADO,2019,4524,Philadelphia Fusion,PHI,tank,15.891833707366338,6.458353066745566,6593.204232859594,0.0,3.795430238277015,4.903451001386918,2595.9999999999995,1055.0,1077028.5231823027,0.0,620.0,801.0,1633.5433958113194
4099,SAEBYEOLBE,2019,4403,New York Excelsior,NYE,offense,17.099835765440837,3.964826784874618,5885.124874578069,818.2796861969043,4.208067691922141,5.9107540412547985,703.0,163.00000000000003,241946.34636139873,33640.71019670367,173.00000000000003,243.0,411.11505960822103
9155,SASIN,2019,7693,Hangzhou Spark,HZS,offense,15.21798165557042,4.972211828057661,6304.243753389829,450.4674358264473,2.862788628275623,6.026923427948681,101.0,33.0,41840.543214172125,2989.7007400989532,19.0,40.0,66.36885382433732
5442,sayaplayer,2019,4407,Florida Mayhem,FLA,offense,13.396876671778264,5.487655323972403,6048.630899729238,4204.440752659339,4.051289165348753,6.067726272647337,1455.0,596.0000000000001,656926.10111472,456633.39635023475,440.0,659.0,1086.0740422169367
8728,SeoMinSoo,2019,7696,Vancouver Titans,VAN,offense,21.09257796059181,3.5886443117828426,10933.062490683697,198.21605522091335,5.075464930600592,7.048881388304151,3121.0,531.0,1617729.6154683232,29329.383515864607,751.0,1043.0,1479.6674004624288
10041,Shax,2019,4405,Los Angeles Valiant,VAL,offense,16.92044623061998,5.69483162609509,6499.728449438213,332.208913903024,4.148087233822349,6.515074864421543,722.0000000000001,243.00000000000003,277345.1643374562,14175.44387239218,177.0,278.0,426.70269457399843
4644,Shaz,2019,4406,Los Angeles Gladiators,GLA,support,14.269397442725468,4.063945232432995,6467.514173876439,10113.314710886783,4.988753282121273,3.243340906653256,2191.0,624.0,993056.897590816,1552852.71298188,766.0000000000001,498.00000000000006,1535.4537630577881
8725,shu,2019,7699,Guangzhou Charge,GZC,support,14.059121873833732,3.826302436761107,6458.460593895372,8793.613298180677,4.767640558371362,3.6095915022896814,2076.0,565.0,953670.1021050811,1298483.7439242604,704.0,533.0,1476.6213840593894
4139,sinatraa,2019,4404,San Francisco Shock,SFS,offense,20.91431430866805,3.4978222425955248,11849.397958880281,111.56232065625713,5.252784959468712,7.019850867492749,3455.9999999999995,578.0,1958061.7725017965,18435.191060900688,867.9999999999999,1160.0,1652.4567571252585
8749,SLIME,2019,7696,Vancouver Titans,VAN,support,14.527620758386355,3.703972196353841,4165.190298138548,5882.757861045417,3.1927043748306967,2.724948708330799,2670.9999999999995,681.0,765798.0251106023,1081584.2806043623,586.9999999999999,500.9999999999999,1838.5667167544366
7831,smurf,2019,4404,San Francisco Shock,SFS,tank,17.720797320348346,4.922443700096762,6587.333835231743,0.0,3.9994855063286194,4.983974246347972,576.0,159.99999999999997,214115.88996261358,0.0,130.0,162.0,325.041807988286
3987,SoOn,2019,7694,Paris Eternal,PAR,offense,17.156116988128872,6.122379003606774,8755.638934273284,181.9990697359485,4.45962928991137,6.852835525230187,1784.9999999999998,637.0,910976.2721070348,18936.006306290627,463.9999999999999,712.9999999999999,1040.4452250093223
4637,SPACE,2019,4406,Los Angeles Gladiators,GLA,tank,16.937870171751403,3.754919185429804,6297.654848615361,349.49735800287397,4.028946818291545,5.421303439318771,2287.0,507.00000000000006,850327.4905722142,47190.1395894289,544.0,732.0000000000001,1350.2287931183973
4094,Spree,2019,4525,Houston Outlaws,HOU,tank,16.05798718776571,4.9519748935420695,7074.346063170807,442.66162640713276,3.723780592769103,5.265556417143679,1229.0,378.99999999999994,541435.9352746903,33879.16134774685,285.0,403.0,765.3512147128582
8747,Stitch,2019,7696,Vancouver Titans,VAN,offense,17.654421547989003,5.264494636362879,7419.04222055147,628.3181248471016,4.211595709090304,6.807113994925025,720.9999999999999,214.99999999999997,302990.92080006003,25660.278179228302,172.0,278.0,408.39627514282864
8783,Stratus,2019,7697,Washington Justice,WAS,offense,15.85174933536505,5.322344928358932,6520.33281932997,1105.0552882167635,3.7852055988689877,5.648987035875544,825.0,277.0,339348.95525670046,57512.30312132835,197.0,293.99999999999994,520.4472910503547
4610,STRIKER,2019,4404,San Francisco Shock,SFS,offense,16.207207789794488,6.053294475706376,7380.909425375598,140.2940668266628,4.4911539658466655,8.201237676763476,165.99999999999997,62.0,75597.90560492872,1436.9418468177319,45.99999999999999,83.99999999999999,102.42356496751309
4490,super,2019,4404,San Francisco Shock,SFS,tank,17.35166422620788,5.256227979760047,8277.983327545839,5.826254042403022,4.657262465787391,6.19745950171708,2839.0,859.9999999999998,1354405.7999581695,953.2650592327117,761.9999999999999,1013.9999999999999,1636.1542979329824
4144,Surefour,2019,7695,Toronto Defiant,TOR,offense,16.26468290530355,4.850342899671546,7702.970198495068,2334.307256138072,4.409402636065042,6.784467237763712,1623.0,484.0,768654.4339626133,232932.9565642327,440.0,677.0,997.8675941298405
4104,tobi,2019,4409,Seoul Dynasty,SEO,support,12.527639440624231,3.561284599048421,3821.9837765575403,6536.903534654539,3.460255248720806,2.0837303505070546,992.0,282.00000000000006,302643.44087445736,517624.1172258854,274.0,165.0,791.8490987082322
10021,Trill,2019,4523,Dallas Fuel,DAL,tank,11.016713537469819,6.549455127086869,5723.6250441722395,0.0,3.4829472352138264,3.369372868848158,290.99999999999994,172.99999999999997,151186.18471735716,0.0,92.0,88.99999999999999,264.1441106826067
8729,Twilight,2019,7696,Vancouver Titans,VAN,support,16.04498551318908,4.139106715040622,7122.262342672265,9320.4464205209,5.04899655326076,4.156947692260625,2698.0,696.0,1197624.2536793947,1567253.7953926327,849.0000000000001,699.0000000000001,1681.5222411900759
3983,uNKOE,2019,4523,Dallas Fuel,DAL,support,12.889446189242568,4.796601668307199,5795.335146143814,9419.885852098867,4.592007284350968,3.175001736209663,1700.9999999999998,632.9999999999999,764801.2908279896,1243127.56336987,606.0,419.0,1319.6843177169562
8688,Viol2t,2019,4404,San Francisco Shock,SFS,support,17.18576399073609,4.195764419524232,7637.591409425681,10409.200261317663,5.300485790683012,4.440653393426424,3157.9999999999995,770.9999999999999,1403458.9142483172,1912760.7270157335,973.9999999999999,815.9999999999999,1837.5674201637507
5809,Void,2019,4408,Shanghai Dragons,SHD,tank,19.343388606181907,3.17893608454403,6457.220391001489,250.965631619665,2.0488097242130103,5.555847010143466,2653.0,436.00000000000006,885625.8872787209,34420.640263319016,281.00000000000006,762.0000000000001,1371.5280471344788
8813,Yveltal,2019,7692,Chengdu Hunters,CDH,support,7.512112361187784,4.692622752123386,2209.11133196717,7691.353636711633,3.6026811671378427,1.5206969419259373,1151.0,719.0000000000001,338478.3161965609,1178463.20851028,552.0,233.00000000000003,1532.1922046144803
8642,ZachaREEE,2019,4523,Dallas Fuel,DAL,offense,15.16782324222973,5.666740497634409,5698.4145321753185,6211.639093237892,4.642945033734982,3.8669471980405117,2326.0,869.0,873857.2430707812,952560.7135666609,712.0,593.0,1533.50943167905
